№,▼▲,ФИО,Клуб,AG,Место в AG,Империал Индор Триатлон,Зимний триатлон. Логойск,Зимний дуатлон. Логойск,Минск Индор Триатлон,Дуатлон. Дрогичин,Триатлон МогиЛев,Олимпийка. Брест,Кросс-триатлон. У Ганны,Спринт. Гомель,Спринт. Святск,Полная. Минский Триатлон,Половинка. Минский Триатлон,Олимпийка. Минский Триатлон,Спринт. Минский Триатлон,Сумма
1,−0,Шинкарёв Алексей Васильевич,ON-BIKE,45-49,,700.0,,700.0,669.03,,664.53,732.36,687.2,640.9,660.55,,836.38,,,4989.50
2,▲5,Скудный Евгений Викторович,Tristyle,35-39,,643.73,,,635.14,627.05,655.39,753.84,,,668.42,,864.83,,,4848.40
3,▲1,Гуштын Никита Александрович,Tristyle,18-24,,683.41,639.96,,684.22,699.39,692.96,752.3,,,,,,,688.37,4840.61
4,▲4,Новицкий Александр Николаевич,Altius!,40-44,1,630.1,,,648.58,646.1,640.16,730.09,,,652.11,875.96,,,,4823.10
5,▲5,Петровичев Валентин Сергеевич,Yellow Submarine,35-39,1,649.06,547.76,,664.35,644.54,,705.79,,656.97,,918.92,,,,4787.39
6,▲3,Викентьев Алексей Эдуардович,-,50-54,1,645.5,,,632.8,652.01,617.3,723.78,,,645.52,831.9,,,,4748.81
7,▼4,Гацко Дмитрий Михайлович,Tristyle,50-54,2,647.28,542.56,,629.29,614.07,642.59,730.62,626.43,,649.89,812.94,,,,4726.68
8,▼6,Шипуль Андрей Анатольевич,Yellow submarine,35-39,2,654.39,,,640.98,583.78,662.75,733.46,608.81,661.46,,743.18,,,,4680.00
9,▲2,Дашкевич Павел Юрьевич,СК Сож,25-29,1,634.84,,,617.61,606.51,619.12,649.43,,635.26,,,825.92,,,4588.69
10,▲4,Харитонов Никита Витальевич,Многобор,25-29,2,,700.0,,677.21,700.0,,786.31,,700.0,,1000.0,,,,4563.52
11,▼6,Девятников Дмитрий Викторович,-,40-44,2,587.45,,,572.03,566.21,579.33,635.09,,552.59,644.29,,750.69,,,4335.09
12,▲1,Слободько Дмитрий Владимирович,Magicsport,40-44,3,,503.82,,548.07,645.24,,686.69,640.21,,645.52,597.63,,,,4267.18
13,▼7,Элрифай Таха мохамед,TRIVIDA,40-44,4,535.32,,,546.9,596.32,565.5,617.65,,558.34,610.18,740.23,,,,4235.12
14,▲1,Коротыш Федор Дмитриевич,Тристайл,18-24,1,671.57,,,684.22,661.58,673.59,728.63,,,,,,794.99,,4214.58
15,▲1,Шпиленя Алексей Сергеевич,-,30-34,1,,424.85,,514.76,576.86,599.16,649.66,,,645.52,,763.35,,,4174.16
16,▼4,Юрков Александр Сергеевич,SQMINSK,45-49,1,527.62,236.37,,565.01,590.8,565.65,639.27,,,586.58,638.17,,,,4113.10
17,−0,Мостовский Николай Янович,Жёлтая Субмарина,35-39,3,654.98,,,652.08,,647.8,709.33,,615.82,,826.37,,,,4106.38
18,▲1,Ларионов Андрей Алексеевич,Biketourist.club,45-49,2,597.52,,,597.15,631.49,634.1,715.41,,,,,826.96,,,4002.63
19,▲1,Паленый Виктор Сергеевич,RUN4FUN.BY,40-44,5,604.04,,,614.1,634.41,,,,605.54,645.52,,841.89,,,3945.50
20,▲1,Прокопович Сергей Сергеевич,Tristyle,35-39,4,627.73,,,619.36,644.44,604.99,602.61,,,,690.27,,,,3789.40
21,▲5,Кость Максим Александрович,Grebenstar,40-44,6,674.53,,,663.19,,628.32,781.0,,,,968.07,,,,3715.11
22,▼4,Тумаш Василий Станиславович,-,55-59,1,,471.74,,,480.25,524.47,562.43,569.66,,573.91,530.89,,,,3713.35
23,−0,Кушель Максим Юрьевич,-,25-29,3,,,,520.02,571.4,600.61,613.46,,,645.52,,715.63,,,3666.64
24,▲4,Леончик Владимир Сергеевич,Tristyle,40-44,7,,,,,616.82,627.65,726.52,,,645.52,,854.25,,,3470.76
25,−0,Жук Олег Анатольевич,-----,45-49,3,,,584.55,521.19,,522.68,,576.53,,605.92,,,,616.88,3427.75
26,▲4,Шульгич Андрей Игоревич,Tristyle,40-44,8,606.41,,,,652.27,616.26,,,,645.52,,,800.0,,3320.46
27,▲4,Шпакович Максим Валерьевич,-,35-39,5,614.11,,,596.57,,,677.15,,608.09,,815.12,,,,3311.04
28,▼1,Лебедев Александр Михайлович,NE PROFI,40-44,9,445.87,,,468.01,328.3,500.89,486.03,,455.9,,,,,512.42,3197.42
29,▲5,Леончик Юрий Николаевич,Tristyle,35-39,6,565.53,,,526.45,,,614.34,,,614.35,,745.42,,,3066.09
30,▼8,Вершалович Алексей Александрович,Tristyle,45-49,4,,,,570.86,589.07,611.47,660.11,588.87,,,,,,,3020.38
31,▲4,Кирилюк Денис Игоревич,-,30-34,2,531.18,,,546.31,550.06,,641.96,,,,,,733.79,,3003.30
32,▲1,Бухтик Андрей Игоревич,-,30-34,3,,,,,556.25,,588.16,,568.7,635.06,,,645.56,,2993.73
33,▲6,Мелях Дмитрий Николаевич,Tristyle,45-49,5,,,,,,664.8,,700.0,,700.0,,900.0,,,2964.80
34,▼2,Чавлытко Александр Даниилович,Крынiца,55-59,2,,,,,498.76,452.79,,455.93,427.97,515.66,,599.66,,,2950.77
35,▲1,Киричев Максим Борисович,Tristyle,35-39,7,570.27,,,567.94,,519.18,,579.15,,,,677.47,,,2914.01
36,▲2,Бузо Александр Владимирович,-,40-44,10,611.74,381.09,,562.68,596.42,,,,,,,,753.14,,2905.07
37,−0,Шелудько Евгений Игоревич,Tristyle,40-44,11,,,,500.73,,503.42,,552.65,,604.09,,,730.3,,2891.19
38,▲3,Тарасенко Артем Викторович,-,40-44,12,,,,,,640.35,738.92,645.9,,,835.86,,,,2861.03
39,▼15,Новиков Анатолий Евгеньевич,ALTIUS!,45-49,6,,,,,670.5,700.0,800.0,,684.06,,,,,,2854.56
40,▲3,Головаченко Денис Леонидович,nedmotorsport,45-49,7,646.09,,672.87,,,644.98,,,,,,,760.14,,2724.08
41,▲4,Драпун Александр Игоревич,Tristyle,25-29,4,587.45,,,,,,,,607.88,645.52,,818.28,,,2659.13
42,▼13,Харитонов Виталий Сергеевич,Многобор,45-49,8,,645.85,,,652.53,656.62,,,649.39,,,,,,2604.39
43,▲3,Буевич Павел Сергеевич,Tristyle,30-34,4,574.42,,,557.42,,645.26,,,,,,,773.77,,2550.87
44,▲3,Конопляник Владимир Владимирович,Многобор,40-44,13,,,553.66,,,582.84,,,572.68,,784.56,,,,2493.74
45,▼1,Голуб Игорь Александрович,Altius!,35-39,8,,,,493.14,,476.59,512.95,,471.5,,,,,532.43,2486.61
46,▲2,Медведев Кирилл Вадимович,СК Сож,40-44,14,,,,539.3,500.23,,581.67,,,,755.74,,,,2376.94
47,▲2,Антоненко Сергей Викторович,-,35-39,9,,,,,569.28,534.19,,,505.2,,,660.28,,,2268.95
48,▲2,Левчук Максим Николаевич,-,30-34,5,,,,,,515.37,,546.99,528.14,,,,667.0,,2257.50
49,▲3,Порохненко Олег Андреевич,Arza Running Club,35-39,10,,,,527.03,,495.87,518.34,,,,,695.14,,,2236.38
50,▲1,Выдумчик Александр Александрович,Runstudio,30-34,6,540.65,,,507.75,,499.62,,,,,,,652.2,,2200.22
51,▲2,Раптунович Дмитрий Игоревич,ZmitroC Team,35-39,11,496.82,,,481.45,,,506.98,,,,,,623.29,,2108.54
52,▼12,Тылиндус Александр Павлович,БелНовация,40-44,15,,,,700.0,664.63,699.74,,,,,,,,,2064.37
53,▲1,Щербаков Андрей Викторович,tristale.club,40-44,16,483.19,,,477.36,,484.65,,,,,,,590.77,,2035.97
54,▲5,Картун Андрей Михайлович,Tristyle,40-44,17,,,,,,605.02,,,,645.52,,740.9,,,1991.44
55,▼13,Засим Алексей Валерьевич,Clown’s Triathlon team,18-24,2,,,,622.87,669.54,,689.7,,,,,,,,1982.11
56,▼1,Карпец Виталий Юрьевич,RUN4FUN.BY,35-39,12,,,,462.75,,,443.49,,,516.31,,500.07,,,1922.62
57,▲5,Басаков Владимир Николаевич,-,35-39,13,,,,,,,566.21,,479.13,,693.02,,,,1738.36
58,▲8,Мельников Николай Геннадьевич,Tristyle,35-39,14,,,,,,495.64,,,494.19,,,,621.2,,1611.03
59,▲8,Савицкий Иван Геннадьевич,TRISTYLE,35-39,15,,,,511.25,,,448.35,,,,,,580.87,,1540.47
60,▲10,Вашкевич Виктор Владимирович,DreamStack,40-44,18,,,,,,,685.07,,,,851.03,,,,1536.10
61,▲3,Шумилов Максим Евгеньевич,-,40-44,19,,,330.31,,358.15,338.81,,,,,,,491.81,,1519.08
62,▲6,Карпович Алексей Анатольевич,UTribe,35-39,16,,331.68,,,,,,,,511.75,,600.15,,,1443.58
63,▲2,Манукян Артур Тигранович,Tristyle,40-44,20,,,,,351.87,315.43,,,329.72,,,,432.84,,1429.86
64,▼8,Ковалев Ярослав Александрович,Altius,35-39,17,,,,,645.41,,762.15,,,,,,,,1407.56
65,▲4,Мандрик Алексей Александрович,Runonline.by,40-44,21,396.12,,,411.91,,,,,,,,,591.47,,1399.50
66,▲6,Малышев Евгений Анатольевич,Tristyle,25-29,5,636.62,,,,,,,,,,,,,700.0,1336.62
67,▲11,Ерофеев Александр Александрович,-,45-49,9,,,,,,,,,569.15,,743.01,,,,1312.16
68,▼11,Кожан Валерий Тимофеевич,Тристайл,50-54,3,,,,,642.08,,668.74,,,,,,,,1310.82
69,▲6,Гардей Александр Вячеславович,Blackberry Crew,35-39,18,,,,609.42,,,,,,,,695.75,,,1305.17
70,▼12,Иткин Савелий Антонович,-,18-24,3,644.32,,,638.06,,,,,,,,,,,1282.38
71,▲5,Вашкевич Антон Михайлович,Каяк,40-44,22,,596.57,,,,,,,,,611.13,,,,1207.70
72,▲7,Дубковский Александр Сергеевич,-,45-49,10,,,,,,,541.03,,,,642.53,,,,1183.56
73,▲7,Грицкевич Илья Олегович,Grebenstar,35-39,19,,,,536.96,,,,,,,,,,645.48,1182.44
74,▲10,Бобко Александр Витальевич,Tristyle,40-44,23,,,,,,,502.8,,,,,,649.4,,1152.20
75,▲6,Тимовец Игорь Александрович,Altius!,35-39,20,,,,,,,535.75,,,,,,,580.66,1116.41
76,▼16,Лесюков Александр Игоревич,-,30-34,7,,,,561.51,,552.89,,,,,,,,,1114.40
77,▲10,Семашко Артем Сергеевич,Altius!,35-39,21,,,,,,,465.02,,,,,604.43,,,1069.45
78,▼5,Манюхин Андрей Владимирович,Altius!,40-44,24,,,,,,311.47,304.35,,,,,453.46,,,1069.28
79,▼18,Позняк Илья Игоревич,-,25-29,6,528.81,,,,,,528.03,,,,,,,,1056.84
80,▼17,Автушко Михаил Владимирович,-,35-39,22,,,,570.86,464.56,,,,,,,,,,1035.42
81,▲12,Арзамасов Илья Валерьевич,Arza Running Club,35-39,23,,,,,,,,,,,985.12,,,,985.12
82,▲3,Никонюк Михаил Станиславович,-,35-39,24,,,,484.37,,,,,,,498.99,,,,983.36
83,▲7,Войтик Михаил Михайлович,S-sportas,40-44,25,,,,389.12,,,,,,,,534.27,,,923.39
84,▲5,Ильин Александр Евгеньевич,TRISTYLE,40-44,26,,,,428.27,,,,,,,,,,402.42,830.69
85,▲6,Сотников Илья Иванович,Triatyle,18-24,4,,,,,,378.32,,,,,,,,417.67,795.99
86,▼15,Домбровский Максим Валентинович,Grebenstar,40-44,27,,,,,,,648.09,,,,,,,,648.09
87,▼13,Литвиненко Дмитрий Сергеевич,TriStyle,35-39,25,,,,615.27,,,,,,,,,,,615.27
88,▲5,Иванчик Алексей Сергеевич,-,30-34,8,,,,,,,,,,,,,614.9,,614.90
89,▲4,Сотников Иван Михайлович,Tristyle,40-44,28,,,,,,,,,,,,,596.84,,596.84
90,▲3,Автушко Сергей Владимирович,Аист,45-49,11,,,,,,,,,,,583.36,,,,583.36
91,▼14,Толкачев Дмитрий Леонидович,,55-59,3,,579.14,,,,,,,,,,,,,579.14
92,−0,Мызин Андрей Алексеевич,-,35-39,26,,,,,,207.06,,,,,,,346.58,,553.64
93,−0,Штундер Ян Анатольевич,Tristyle,30-34,9,,,,,,,,,,,,,,535.87,535.87
94,▼12,Пальчех Василий Викторович,Tristyle,40-44,29,,518.94,,,,,,,,,,,,,518.94
95,▼12,Иванов Олег Григорьевич,-,45-49,12,,,,510.08,,,,,,,,,,,510.08
96,▼10,Добудько Иван Сергеевич,Tristyle,30-34,10,,,,,,471.84,,,,,,,,,471.84
97,▼9,Мороз Чеслав Францевич,-,60+,1,,113.62,,,340.51,,,,,,,,,,454.13
98,▼5,Глухов Максим Алексеевич,-,35-39,27,,,,,,,,,,,,,218.6,,218.60
99,▼6,Андрианов Константин Александрович,Tristyle,40-44,30,,,,,,,,,,,,,195.17,,195.17
100,▼7,КОМЛЮК АНАТОЛИЙ ИВАНОВИЧ,-,60+,2,,,,,,,,,,,,,,184.53,184.53
101,▼8,Родионов Виталий Васильевич,Tristyle,45-49,13,,,,,,,,,,,,,,,0.00
101,▼8,Автушко Денис Владимирович,,45-49,13,,,,,,,,,,,,,,,0.00
101,▼8,Буковец Анатолий Семенович,ТРИ-О,60+,3,,,,,,,,,,,,,,,0.00
101,▼8,Свирский Александр Фелексович,SQMINSK,40-44,31,,,,,,,,,,,,,,,0.00
101,▼8,Полегенький Владимир Владимирович,SQMINSK,40-44,31,,,,,,,,,,,,,,,0.00
101,▼8,Тучковский Анджей Тадикович,SQMINSK,35-39,28,,,,,,,,,,,,,,,0.00
101,▼8,Плодунов Захар Сергеевич,Tristyle,30-34,11,,,,,,,,,,,,,,,0.00
101,▼8,Селятыцкий Александр Вячеславович,SQMINSK,45-49,13,,,,,,,,,,,,,,,0.00
101,▼8,Курчевский Евгений Александрович,TriStyle,35-39,28,,,,,,,,,,,,,,,0.00
101,▼8,Русович Игорь Войтехович,-,50-54,4,,,,,,,,,,,,,,,0.00
101,▼8,Юрченко Юрий Владимирович,-,35-39,28,,,,,,,,,,,,,,,0.00
101,▼8,Ворожбит Станислав Михайлович,ALTIUS!,40-44,31,,,,,,,,,,,,,,,0.00
101,▼8,Жданович Виталий Владимирович,TriStyle,35-39,28,,,,,,,,,,,,,,,0.00
101,▼8,Короткевич Юрий Александрович,-,35-39,28,,,,,,,,,,,,,,,0.00
101,▼8,Улевич Андрей Станиславович,нет,55-59,4,,,,,,,,,,,,,,,0.00
101,▼8,Матин Ярослав Васильевич,нет,55-59,4,,,,,,,,,,,,,,,0.00
101,▼8,Иордан Андрей Олегович,Tristyle,30-34,11,,,,,,,,,,,,,,,0.00
